<?xml version="1.0" encoding="UTF-8"?>
<project-private xmlns="http://www.netbeans.org/ns/project-private/1">
    <editor-bookmarks xmlns="http://www.netbeans.org/ns/editor-bookmarks/2" lastBookmarkId="0"/>
    <open-files xmlns="http://www.netbeans.org/ns/projectui-open-files/2">
        <group>
            <file>file:/C:/Users/Dell%20Inspiron%2015/Documents/NetBeansProjects/Proyecto1/src/Administrador/Alumno.java</file>
            <file>file:/C:/Users/Dell%20Inspiron%2015/Documents/NetBeansProjects/Proyecto1/src/Administrador/ActualizarProfesor.java</file>
            <file>file:/C:/Users/Dell%20Inspiron%2015/Documents/NetBeansProjects/Proyecto1/src/Administrador/AdministradorProfesores.java</file>
            <file>file:/C:/Users/Dell%20Inspiron%2015/Documents/NetBeansProjects/Proyecto1/src/ejemploproyecto1/Profesor.java</file>
            <file>file:/C:/Users/Dell%20Inspiron%2015/Documents/NetBeansProjects/Proyecto1/src/Administrador/AdministradorAlumnos.java</file>
            <file>file:/C:/Users/Dell%20Inspiron%2015/Documents/NetBeansProjects/Proyecto1/src/ejemploproyecto1/AdministradorProfesores.java</file>
            <file>file:/C:/Users/Dell%20Inspiron%2015/Documents/NetBeansProjects/Proyecto1/src/Administrador/CrearProfesor.java</file>
            <file>file:/C:/Users/Dell%20Inspiron%2015/Documents/NetBeansProjects/Proyecto1/src/Administrador/Curso.java</file>
            <file>file:/C:/Users/Dell%20Inspiron%2015/Documents/NetBeansProjects/Proyecto1/src/Administrador/AdministradorCursos.java</file>
            <file>file:/C:/Users/Dell%20Inspiron%2015/Documents/NetBeansProjects/Proyecto1/src/Administrador/Profesor.java</file>
            <file>file:/C:/Users/Dell%20Inspiron%2015/Documents/NetBeansProjects/Proyecto1/src/ejemploproyecto1/CrearProfesor.java</file>
            <file>file:/C:/Users/Dell%20Inspiron%2015/Documents/NetBeansProjects/Proyecto1/src/ejemploproyecto1/Login.java</file>
        </group>
    </open-files>
</project-private>
